Columna;Mínimo;Máximo;Media
Mínimo;1.0165;2343.09;587.297625
Máximo;19675.0;145765.44;51255.11
Media;2796.768757142857;31767.778;10217.79264642857
